k,ruta,t_offset,media
0,REM,-15,0.21833502895691814
0,REM,-14,0.21961910937513623
0,REM,-13,0.21894752415450844
0,REM,-12,0.21906584030703494
0,REM,-11,0.21714010225100952
0,REM,-10,0.21722480751897977
0,REM,-9,0.21576089522352926
0,REM,-8,0.2152919822505542
0,REM,-7,0.2158013317320082
0,REM,-6,0.21608984842896461
0,REM,-5,0.21517226298650105
0,REM,-4,0.21604333817958832
0,REM,-3,0.21584990692425923
0,REM,-2,0.21546279262636125
0,REM,-1,0.21541885339788028
0,REM,0,0.21580814427750952
0,SWS,-15,0.18295045071673172
0,SWS,-14,0.18378494119542277
0,SWS,-13,0.18405438934968524
0,SWS,-12,0.18417112564202398
0,SWS,-11,0.1844550289105678
0,SWS,-10,0.18462391711876425
0,SWS,-9,0.18465458330334417
0,SWS,-8,0.18497958133934408
0,SWS,-7,0.18575790156235641
0,SWS,-6,0.18724338789993428
0,SWS,-5,0.18823814147443912
0,SWS,-4,0.1892206322063099
0,SWS,-3,0.19035462701950617
0,SWS,-2,0.19172972293806748
0,SWS,-1,0.1941917457519083
0,SWS,0,0.1981702979952403
1,REM,-15,0.21227317259592168
1,REM,-14,0.21201105117797853
1,REM,-13,0.21171665433290843
1,REM,-12,0.2116442601147451
1,REM,-11,0.21144462715495715
1,REM,-10,0.21174145489931107
1,REM,-9,0.2104183507186395
1,REM,-8,0.210149952343532
1,REM,-7,0.2107388237639079
1,REM,-6,0.21008268984801629
1,REM,-5,0.2103627936045329
1,REM,-4,0.21106102964595744
1,REM,-3,0.21112163903483425
1,REM,-2,0.21090284988437732
1,REM,-1,0.210330540713455
1,REM,0,0.21000289730727673
1,SWS,-15,0.19724255396383944
1,SWS,-14,0.19785088517217556
1,SWS,-13,0.19751085722742
1,SWS,-12,0.1976729764137417
1,SWS,-11,0.19736394091792728
1,SWS,-10,0.19733546306969416
1,SWS,-9,0.197192500363912
1,SWS,-8,0.19784423158426953
1,SWS,-7,0.1989572275130228
1,SWS,-6,0.20022028206503964
1,SWS,-5,0.20069239240380662
1,SWS,-4,0.20199103904041377
1,SWS,-3,0.202736956074955
1,SWS,-2,0.20390213837086316
1,SWS,-1,0.20557450172211175
1,SWS,0,0.20844386141647794
2,REM,-15,0.2127319881144692
2,REM,-14,0.21268104996000017
2,REM,-13,0.2127143345974587
2,REM,-12,0.21242548407692657
2,REM,-11,0.2122993767261505
2,REM,-10,0.21253129613140356
2,REM,-9,0.21348160174157885
2,REM,-8,0.2125047424009868
2,REM,-7,0.21341413046632493
2,REM,-6,0.2121451648280901
2,REM,-5,0.21291759411493938
2,REM,-4,0.21263319195101135
2,REM,-3,0.21269743377903857
2,REM,-2,0.21198378011737903
2,REM,-1,0.21226621632065093
2,REM,0,0.21204517321551547
2,SWS,-15,0.1868767565655931
2,SWS,-14,0.1892509874370363
2,SWS,-13,0.18859886544302476
2,SWS,-12,0.18858899059705436
2,SWS,-11,0.18865950437991516
2,SWS,-10,0.18848710717029973
2,SWS,-9,0.18869584966574285
2,SWS,-8,0.18852879420207563
2,SWS,-7,0.18982521615836812
2,SWS,-6,0.19169136435590325
2,SWS,-5,0.1923780755617132
2,SWS,-4,0.1937729624184695
2,SWS,-3,0.19532215207572876
2,SWS,-2,0.1973013595061403
2,SWS,-1,0.20060385174430204
2,SWS,0,0.20572777429033354
3,REM,-15,0.2008867110399639
3,REM,-14,0.20097471731049674
3,REM,-13,0.20128573960549123
3,REM,-12,0.20072435901353233
3,REM,-11,0.20045030320232565
3,REM,-10,0.20099102608535602
3,REM,-9,0.201203477051523
3,REM,-8,0.20188126393726893
3,REM,-7,0.2012534754143821
3,REM,-6,0.2022114034522982
3,REM,-5,0.20180238485336305
3,REM,-4,0.20176409341787038
3,REM,-3,0.20128212456243583
3,REM,-2,0.20072886455304845
3,REM,-1,0.20114423068506376
3,REM,0,0.20189135981833234
3,SWS,-15,0.1833787198378661
3,SWS,-14,0.1849398028392058
3,SWS,-13,0.18428030893329747
3,SWS,-12,0.18492135487031192
3,SWS,-11,0.18520643810431162
3,SWS,-10,0.18576648684454636
3,SWS,-9,0.18576493484294967
3,SWS,-8,0.1856341097195437
3,SWS,-7,0.18680678924609875
3,SWS,-6,0.18800830825127382
3,SWS,-5,0.18916761200522902
3,SWS,-4,0.19058571390130302
3,SWS,-3,0.1919483016661512
3,SWS,-2,0.19370419185766033
3,SWS,-1,0.19653960703778744
3,SWS,0,0.20073776840551677
4,REM,-15,0.1940411741242689
4,REM,-14,0.1954728777919497
4,REM,-13,0.19426033424364553
4,REM,-12,0.19376517322502637
4,REM,-11,0.1953911649232561
4,REM,-10,0.19645084084376044
4,REM,-9,0.19760914036521204
4,REM,-8,0.1962885476116623
4,REM,-7,0.19785052632528638
4,REM,-6,0.1978286342585788
4,REM,-5,0.19720241328080496
4,REM,-4,0.1969076244062499
4,REM,-3,0.19592508512089052
4,REM,-2,0.19593815659124827
4,REM,-1,0.1982459888926574
4,REM,0,0.2019959701334729
4,SWS,-15,0.17352477259168
4,SWS,-14,0.17976197549420544
4,SWS,-13,0.17894934006958954
4,SWS,-12,0.18124584411270916
4,SWS,-11,0.18235976302969284
4,SWS,-10,0.18249250864478903
4,SWS,-9,0.18219037502017243
4,SWS,-8,0.1829801991487005
4,SWS,-7,0.1879563500312553
4,SWS,-6,0.1938352590416842
4,SWS,-5,0.19763461459631942
4,SWS,-4,0.2033664500171488
4,SWS,-3,0.20855440850543783
4,SWS,-2,0.21692606491941802
4,SWS,-1,0.22772520895844545
4,SWS,0,0.24547809181884084
5,REM,-15,0.1960130496060147
5,REM,-14,0.19668847067015513
5,REM,-13,0.19588488098737356
5,REM,-12,0.19595827319120107
5,REM,-11,0.19529299945993858
5,REM,-10,0.19682784054590308
5,REM,-9,0.19655413346158135
5,REM,-8,0.19642524953399385
5,REM,-7,0.19763184326981742
5,REM,-6,0.1977212926482453
5,REM,-5,0.19767527997493745
5,REM,-4,0.1983393905194182
5,REM,-3,0.19791864594781255
5,REM,-2,0.19835782527309104
5,REM,-1,0.1985684742352792
5,REM,0,0.19998222249833977
5,SWS,-15,0.17874419104273073
5,SWS,-14,0.1830158839877854
5,SWS,-13,0.1822396430594862
5,SWS,-12,0.18332902155816555
5,SWS,-11,0.18383314503707748
5,SWS,-10,0.18433239310979843
5,SWS,-9,0.1840563550690152
5,SWS,-8,0.1843700148877065
5,SWS,-7,0.1874612438781508
5,SWS,-6,0.1913194156744901
5,SWS,-5,0.19389961140962383
5,SWS,-4,0.1967815206132152
5,SWS,-3,0.2001402925063924
5,SWS,-2,0.20467463062262872
5,SWS,-1,0.2113623342831702
5,SWS,0,0.22210889326473526
6,REM,-15,0.21070492442916422
6,REM,-14,0.21171981053692954
6,REM,-13,0.21124277485383525
6,REM,-12,0.21163933175174812
6,REM,-11,0.2100041224197908
6,REM,-10,0.21166394618542297
6,REM,-9,0.2100723918389391
6,REM,-8,0.21129735106868403
6,REM,-7,0.2104894074182662
6,REM,-6,0.2116598583319608
6,REM,-5,0.2108181724945704
6,REM,-4,0.2116458521861779
6,REM,-3,0.21111969739557748
6,REM,-2,0.21045511223606228
6,REM,-1,0.210319384932518
6,REM,0,0.2113170476959032
6,SWS,-15,0.18863566930048933
6,SWS,-14,0.19200149649738246
6,SWS,-13,0.19151643620542258
6,SWS,-12,0.19263212487567216
6,SWS,-11,0.1923459666794625
6,SWS,-10,0.19256647256478457
6,SWS,-9,0.1921856108288102
6,SWS,-8,0.1923533607820037
6,SWS,-7,0.19576458966937557
6,SWS,-6,0.19852457876830176
6,SWS,-5,0.2005331454733711
6,SWS,-4,0.20245872261849315
6,SWS,-3,0.20489491601058138
6,SWS,-2,0.20961116312045447
6,SWS,-1,0.21571419274909448
6,SWS,0,0.2258637735363884
7,REM,-15,0.20834950182367773
7,REM,-14,0.20882626261029924
7,REM,-13,0.20844384141870448
7,REM,-12,0.2080360623566728
7,REM,-11,0.20723568478768523
7,REM,-10,0.20825354754924774
7,REM,-9,0.20740478182280506
7,REM,-8,0.2080173846334219
7,REM,-7,0.20792421958749258
7,REM,-6,0.2088093453032129
7,REM,-5,0.20831566373507182
7,REM,-4,0.20897879098591052
7,REM,-3,0.2088211864592081
7,REM,-2,0.20908327754010858
7,REM,-1,0.2089137573327337
7,REM,0,0.20989924351520398
7,SWS,-15,0.19308443910607667
7,SWS,-14,0.19505618168757513
7,SWS,-13,0.1948788260871714
7,SWS,-12,0.19546047737821937
7,SWS,-11,0.19546902644029562
7,SWS,-10,0.1955588234352394
7,SWS,-9,0.1955176545492071
7,SWS,-8,0.195525784591201
7,SWS,-7,0.1975599806541684
7,SWS,-6,0.19947911679425978
7,SWS,-5,0.2008626538129588
7,SWS,-4,0.2023566102439707
7,SWS,-3,0.20385332769010125
7,SWS,-2,0.20640775918121068
7,SWS,-1,0.21049845052141172
7,SWS,0,0.21616551613538418
8,REM,-15,0.2039271891117096
8,REM,-14,0.20437259035451072
8,REM,-13,0.20408691667221687
8,REM,-12,0.20396599997031062
8,REM,-11,0.2044035978615284
8,REM,-10,0.20393366269443347
8,REM,-9,0.20325323304644338
8,REM,-8,0.2022020114319665
8,REM,-7,0.20368856097024585
8,REM,-6,0.2028862163424492
8,REM,-5,0.20323138316472372
8,REM,-4,0.20356401585434614
8,REM,-3,0.2042793477156076
8,REM,-2,0.2042696010513404
8,REM,-1,0.20460456489984477
8,REM,0,0.20480700987665093
8,SWS,-15,0.18952816822261453
8,SWS,-14,0.19193121154084164
8,SWS,-13,0.19178812058011363
8,SWS,-12,0.1919195760274306
8,SWS,-11,0.19253955500713293
8,SWS,-10,0.19226839781646998
8,SWS,-9,0.1921217374454271
8,SWS,-8,0.19241261434782841
8,SWS,-7,0.19443943711190387
8,SWS,-6,0.1975175750287459
8,SWS,-5,0.19906025272400224
8,SWS,-4,0.20190027803182603
8,SWS,-3,0.20387977458597198
8,SWS,-2,0.20752870412149899
8,SWS,-1,0.21299417965904005
8,SWS,0,0.2211133427994452
9,REM,-15,0.20035697695086985
9,REM,-14,0.20094783689294543
9,REM,-13,0.2000148328574928
9,REM,-12,0.2001327044869724
9,REM,-11,0.19899227944287387
9,REM,-10,0.20042973368064218
9,REM,-9,0.19804530728746345
9,REM,-8,0.19843386832092488
9,REM,-7,0.19795991551308406
9,REM,-6,0.1980413288316306
9,REM,-5,0.1971548346678416
9,REM,-4,0.19763138066781194
9,REM,-3,0.19780101169304676
9,REM,-2,0.19836935093722394
9,REM,-1,0.1981635307893157
9,REM,0,0.19880745286012397
9,SWS,-15,0.19545604260725397
9,SWS,-14,0.19585320761061123
9,SWS,-13,0.19603524769633268
9,SWS,-12,0.19643003027886152
9,SWS,-11,0.1963859838636025
9,SWS,-10,0.19645932243323663
9,SWS,-9,0.19602967759236595
9,SWS,-8,0.1965385396389445
9,SWS,-7,0.19730357577403387
9,SWS,-6,0.1985010774855945
9,SWS,-5,0.1991152046479989
9,SWS,-4,0.19977881623940033
9,SWS,-3,0.20059218415157581
9,SWS,-2,0.2015781901566915
9,SWS,-1,0.20335532276541593
9,SWS,0,0.20559880596411548
10,REM,-15,0.19160766329835444
10,REM,-14,0.1914229393005371
10,REM,-13,0.19129924637240334
10,REM,-12,0.1908408995521696
10,REM,-11,0.19138578630306505
10,REM,-10,0.19102167888827945
10,REM,-9,0.19158255170892785
10,REM,-8,0.1900591892855508
10,REM,-7,0.19120128641998957
10,REM,-6,0.1900400756036534
10,REM,-5,0.19073946456114452
10,REM,-4,0.1898718188075643
10,REM,-3,0.190241839512285
10,REM,-2,0.19101901352405548
10,REM,-1,0.1915345470021878
10,REM,0,0.191878750701161
10,SWS,-15,0.20160676525017926
10,SWS,-14,0.20294458782061553
10,SWS,-13,0.20255532934645976
10,SWS,-12,0.20290263462811708
10,SWS,-11,0.20236712866935178
10,SWS,-10,0.20296202327164126
10,SWS,-9,0.20283269674967455
10,SWS,-8,0.20272855631485107
10,SWS,-7,0.20445812887501444
10,SWS,-6,0.20541913520524846
10,SWS,-5,0.20609578319746463
10,SWS,-4,0.20679190856489268
10,SWS,-3,0.2074519928877916
10,SWS,-2,0.2091907402369338
10,SWS,-1,0.21114975589735802
10,SWS,0,0.21404523523314042
11,REM,-15,0.21174222625353756
11,REM,-14,0.2122012402330126
11,REM,-13,0.21136363172853315
11,REM,-12,0.21103527004781522
11,REM,-11,0.21007774092934348
11,REM,-10,0.2109637522827024
11,REM,-9,0.20953606483009127
11,REM,-8,0.20953736773559026
11,REM,-7,0.21088793944744838
11,REM,-6,0.211068585734157
11,REM,-5,0.21102839608987173
11,REM,-4,0.2115492742312582
11,REM,-3,0.21170016135796008
11,REM,-2,0.2115334300036283
11,REM,-1,0.21149845700711012
11,REM,0,0.2123441965702702
11,SWS,-15,0.19048328293818179
11,SWS,-14,0.1943481898205912
11,SWS,-13,0.19411810678391417
11,SWS,-12,0.19479125505313277
11,SWS,-11,0.19631314007700354
11,SWS,-10,0.19617360179692928
11,SWS,-9,0.1958304157122871
11,SWS,-8,0.19621681474196684
11,SWS,-7,0.19867839647093039
11,SWS,-6,0.2027400796585542
11,SWS,-5,0.20541008128159083
11,SWS,-4,0.20900363197380847
11,SWS,-3,0.21289798865715662
11,SWS,-2,0.2180771520230132
11,SWS,-1,0.22550802910567014
11,SWS,0,0.23791406191961967
12,REM,-15,0.2150409006897141
12,REM,-14,0.21522118023463657
12,REM,-13,0.2146220779096758
12,REM,-12,0.21503237478042903
12,REM,-11,0.21380204944448036
12,REM,-10,0.21407212543746698
12,REM,-9,0.21283808460942022
12,REM,-8,0.21283316878335817
12,REM,-7,0.21315204009177194
12,REM,-6,0.2129657025284627
12,REM,-5,0.21335965355237324
12,REM,-4,0.21359010138793996
12,REM,-3,0.21343836385801615
12,REM,-2,0.21261164346306594
12,REM,-1,0.2119296363421849
12,REM,0,0.21029932643560803
12,SWS,-15,0.19104211979380278
12,SWS,-14,0.19320240705950648
12,SWS,-13,0.19269207292351842
12,SWS,-12,0.19337653904221952
12,SWS,-11,0.1936915929334751
12,SWS,-10,0.1941961748919017
12,SWS,-9,0.19383955653140086
12,SWS,-8,0.19458671274838174
12,SWS,-7,0.196968173072941
12,SWS,-6,0.19981133674874024
12,SWS,-5,0.2015661059030846
12,SWS,-4,0.203805748982863
12,SWS,-3,0.20579608420773252
12,SWS,-2,0.20896630366923105
12,SWS,-1,0.21372641751110383
12,SWS,0,0.22149038853341793
13,REM,-15,0.20433748206671545
13,REM,-14,0.2048484878880637
13,REM,-13,0.20491980660606074
13,REM,-12,0.20421934441516273
13,REM,-11,0.20459043166854166
13,REM,-10,0.20386466513509335
13,REM,-9,0.20443527455683108
13,REM,-8,0.20292701731835092
13,REM,-7,0.2039421411260726
13,REM,-6,0.203058249591028
13,REM,-5,0.2033805247147878
13,REM,-4,0.20284410193562508
13,REM,-3,0.20252284066504742
13,REM,-2,0.20196349903480293
13,REM,-1,0.20321031327226333
13,REM,0,0.20361964820938952
13,SWS,-15,0.20387130279407323
13,SWS,-14,0.20551919733357227
13,SWS,-13,0.2056330802026859
13,SWS,-12,0.20570774166844785
13,SWS,-11,0.2055669341614281
13,SWS,-10,0.20575521141290665
13,SWS,-9,0.20544240806276434
13,SWS,-8,0.20582348136765183
13,SWS,-7,0.20749466763488178
13,SWS,-6,0.2095824034615634
13,SWS,-5,0.2108771302065446
13,SWS,-4,0.21247192546725274
13,SWS,-3,0.21405527110749145
13,SWS,-2,0.2163007223165371
13,SWS,-1,0.21963195686353995
13,SWS,0,0.22449310754236498
14,REM,-15,0.21052993921672597
14,REM,-14,0.21043178055967604
14,REM,-13,0.20991256591436025
14,REM,-12,0.20953267891156047
14,REM,-11,0.20888659019361844
14,REM,-10,0.2094460842402085
14,REM,-9,0.2082491064513171
14,REM,-8,0.20794556183474405
14,REM,-7,0.2090762463353929
14,REM,-6,0.2087377353626139
14,REM,-5,0.20845753987630208
14,REM,-4,0.20899933635404236
14,REM,-3,0.20930018392672023
14,REM,-2,0.20914725068303727
14,REM,-1,0.2085670115692275
14,REM,0,0.2083425301620189
14,SWS,-15,0.20224992151015272
14,SWS,-14,0.20393736354815653
14,SWS,-13,0.20332770948567666
14,SWS,-12,0.2039487201254815
14,SWS,-11,0.20382278552953748
14,SWS,-10,0.20436750835096332
14,SWS,-9,0.20402186921495474
14,SWS,-8,0.20422447487047524
14,SWS,-7,0.20585887819186025
14,SWS,-6,0.20736389611175354
14,SWS,-5,0.20843031290751785
14,SWS,-4,0.2095434542406689
14,SWS,-3,0.2109405201503901
14,SWS,-2,0.2128483414859839
14,SWS,-1,0.21582845250480837
14,SWS,0,0.22053853084296907
15,REM,-15,0.21095681365798502
15,REM,-14,0.2116949268749782
15,REM,-13,0.2106807417160756
15,REM,-12,0.2111289959989096
15,REM,-11,0.20973861556161533
15,REM,-10,0.21120330723731415
15,REM,-9,0.20747202193295514
15,REM,-8,0.2085522466472217
15,REM,-7,0.20806390851263015
15,REM,-6,0.20912813504829125
15,REM,-5,0.20785693287849427
15,REM,-4,0.2091155809007193
15,REM,-3,0.20896042847489738
15,REM,-2,0.2095887846860689
15,REM,-1,0.20877105968871287
15,REM,0,0.2091699253548594
15,SWS,-15,0.20105669919018435
15,SWS,-14,0.20377036929130554
15,SWS,-13,0.20310955463854735
15,SWS,-12,0.20424091105815023
15,SWS,-11,0.20471566170454025
15,SWS,-10,0.20434022191124904
15,SWS,-9,0.2039260830705529
15,SWS,-8,0.2045533304001875
15,SWS,-7,0.2067154841176395
15,SWS,-6,0.21019937360987945
15,SWS,-5,0.2127835296131485
15,SWS,-4,0.2156619707969102
15,SWS,-3,0.21850983447175684
15,SWS,-2,0.2226057477610212
15,SWS,-1,0.22769885832566586
15,SWS,0,0.23692336326629473
16,REM,-15,0.20340021042262807
16,REM,-14,0.20293939411640166
16,REM,-13,0.20306511424683235
16,REM,-12,0.20263707049583135
16,REM,-11,0.2037220996889201
16,REM,-10,0.2040854015428087
16,REM,-9,0.20373583888566052
16,REM,-8,0.20378622998084342
16,REM,-7,0.20352057308431656
16,REM,-6,0.20330383913481936
16,REM,-5,0.2027672376235326
16,REM,-4,0.2027682530644693
16,REM,-3,0.2025821858859924
16,REM,-2,0.20273319593409903
16,REM,-1,0.20307237787970475
16,REM,0,0.20358465721502023
16,SWS,-15,0.19458510733653453
16,SWS,-14,0.19565773430543068
16,SWS,-13,0.19546164646128977
16,SWS,-12,0.1963764694519341
16,SWS,-11,0.1959837908330171
16,SWS,-10,0.19659186437935897
16,SWS,-9,0.19615760820590897
16,SWS,-8,0.19633958104309762
16,SWS,-7,0.19824867019023018
16,SWS,-6,0.1989566481368427
16,SWS,-5,0.20024242967515443
16,SWS,-4,0.2005241429263895
16,SWS,-3,0.2013646041959282
16,SWS,-2,0.20294312235545103
16,SWS,-1,0.2053601344711118
16,SWS,0,0.2083644621242488
17,REM,-15,0.20895953213467316
17,REM,-14,0.20930174376283373
17,REM,-13,0.20867640746606364
17,REM,-12,0.20987845918065623
17,REM,-11,0.20966348627751524
17,REM,-10,0.21008921382219894
17,REM,-9,0.20885780260518746
17,REM,-8,0.20954585713999613
17,REM,-7,0.2086615420523144
17,REM,-6,0.2091161084963995
17,REM,-5,0.2086886074145635
17,REM,-4,0.2092566027453071
17,REM,-3,0.20858487953622656
17,REM,-2,0.20863046443339475
17,REM,-1,0.2084185513002532
17,REM,0,0.2085894517162267
17,SWS,-15,0.19226038247068353
17,SWS,-14,0.19406311939924192
17,SWS,-13,0.19372579332225578
17,SWS,-12,0.19402476132381707
17,SWS,-11,0.19449672124524048
17,SWS,-10,0.19412614331698755
17,SWS,-9,0.19375658943163637
17,SWS,-8,0.19395484258035187
17,SWS,-7,0.19548128819328614
17,SWS,-6,0.19751773017613009
17,SWS,-5,0.1984092680672508
17,SWS,-4,0.20031122870065948
17,SWS,-3,0.2019283872673182
17,SWS,-2,0.2044460530537115
17,SWS,-1,0.20812869968591924
17,SWS,0,0.2142126316652161
18,REM,-15,0.2079183577614672
18,REM,-14,0.20833321682044437
18,REM,-13,0.2071851129467423
18,REM,-12,0.20732519461920387
18,REM,-11,0.20765807953747836
18,REM,-10,0.2076689675450325
18,REM,-9,0.20804471605353886
18,REM,-8,0.2067480462470225
18,REM,-7,0.20879512433967892
18,REM,-6,0.20748869526912184
18,REM,-5,0.208458092212677
18,REM,-4,0.20808733274277888
18,REM,-3,0.20844574541930694
18,REM,-2,0.2080508608793475
18,REM,-1,0.209084830646004
18,REM,0,0.20780258428524523
18,SWS,-15,0.17291316961016612
18,SWS,-14,0.17639694585759416
18,SWS,-13,0.17605899902414684
18,SWS,-12,0.1773447737796232
18,SWS,-11,0.1782184107148129
18,SWS,-10,0.17843319391700582
18,SWS,-9,0.17809798376054953
18,SWS,-8,0.17780764192152934
18,SWS,-7,0.1801707561331234
18,SWS,-6,0.18296141484204462
18,SWS,-5,0.18540760689410404
18,SWS,-4,0.18810334293679756
18,SWS,-3,0.1917031982807609
18,SWS,-2,0.19589080184068478
18,SWS,-1,0.20257837566571113
18,SWS,0,0.2123895319641493
19,REM,-15,0.2025596254012164
19,REM,-14,0.20342883552823748
19,REM,-13,0.20261754296921394
19,REM,-12,0.20280252946050545
19,REM,-11,0.20351170748472214
19,REM,-10,0.20447392988464105
19,REM,-9,0.20269752542177835
19,REM,-8,0.2032915252660002
19,REM,-7,0.20335885480282798
19,REM,-6,0.20380772036664627
19,REM,-5,0.20357796132564546
19,REM,-4,0.20439202240423152
19,REM,-3,0.20458653784659972
19,REM,-2,0.2048522485900171
19,REM,-1,0.20429455621966294
19,REM,0,0.20572593150769963
19,SWS,-15,0.20059255823910793
19,SWS,-14,0.20437950048691186
19,SWS,-13,0.20318611778996207
19,SWS,-12,0.20426540647167712
19,SWS,-11,0.203948646351911
19,SWS,-10,0.20438008367175786
19,SWS,-9,0.2041723397591256
19,SWS,-8,0.20418154111333714
19,SWS,-7,0.20793910958301062
19,SWS,-6,0.2115386194564442
19,SWS,-5,0.21369147100555363
19,SWS,-4,0.21722492399540813
19,SWS,-3,0.219902154754817
19,SWS,-2,0.22517406762066022
19,SWS,-1,0.2318493714903009
19,SWS,0,0.24274173675743707
20,REM,-15,0.20098713259486592
20,REM,-14,0.20090033326830184
20,REM,-13,0.20082519988755923
20,REM,-12,0.20033161224503265
20,REM,-11,0.20032356814904648
20,REM,-10,0.20056499573199646
20,REM,-9,0.1993601170402986
20,REM,-8,0.1985585897096566
20,REM,-7,0.1990698275585023
20,REM,-6,0.19830603525042534
20,REM,-5,0.1984435842434565
20,REM,-4,0.19747894178879888
20,REM,-3,0.1976974304900112
20,REM,-2,0.19793173363528302
20,REM,-1,0.1991353210593973
20,REM,0,0.19964783036095254
20,SWS,-15,0.20792962429679443
20,SWS,-14,0.20834637057577443
20,SWS,-13,0.208425903985323
20,SWS,-12,0.20879217877518386
20,SWS,-11,0.20877064105825147
20,SWS,-10,0.20892167762971262
20,SWS,-9,0.208727330956238
20,SWS,-8,0.2088807174924073
20,SWS,-7,0.20910250815166825
20,SWS,-6,0.2095858121619505
20,SWS,-5,0.21038178714057107
20,SWS,-4,0.2108688935637474
20,SWS,-3,0.21170155879685548
20,SWS,-2,0.2120471837549982
20,SWS,-1,0.21261346007144896
20,SWS,0,0.21369384495384638
21,REM,-15,0.21400351647068472
21,REM,-14,0.21422874203750064
21,REM,-13,0.21304711618938962
21,REM,-12,0.21279157227591464
21,REM,-11,0.21113898130980405
21,REM,-10,0.21172168818504913
21,REM,-9,0.20937702997967048
21,REM,-8,0.2089712992310524
21,REM,-7,0.20955719124703182
21,REM,-6,0.20924940288943403
21,REM,-5,0.20941836416721343
21,REM,-4,0.20977271838407768
21,REM,-3,0.21031897021345344
21,REM,-2,0.21069368182383863
21,REM,-1,0.21052987620766675
21,REM,0,0.2098258372177096
21,SWS,-15,0.19108249261000446
21,SWS,-14,0.1953748147457074
21,SWS,-13,0.19478076043700385
21,SWS,-12,0.19622288830578327
21,SWS,-11,0.1967826160615769
21,SWS,-10,0.19688024592231695
21,SWS,-9,0.19663652757935177
21,SWS,-8,0.19677428796792487
21,SWS,-7,0.1998401222557857
21,SWS,-6,0.20368228581818668
21,SWS,-5,0.20634312423604045
21,SWS,-4,0.21043659021908587
21,SWS,-3,0.21412917153864372
21,SWS,-2,0.21981043762094538
21,SWS,-1,0.22729431216559642
21,SWS,0,0.23925065874931015
22,REM,-15,0.21029173495138392
22,REM,-14,0.21063385776111057
22,REM,-13,0.21066506126442472
22,REM,-12,0.21101968657029302
22,REM,-11,0.20885486189614644
22,REM,-10,0.20916240111641263
22,REM,-9,0.2082999069933538
22,REM,-8,0.20877339584486826
22,REM,-7,0.20923320121235317
22,REM,-6,0.20978663401568637
22,REM,-5,0.20923138320446014
22,REM,-4,0.20955613137860046
22,REM,-3,0.20936670791671938
22,REM,-2,0.20950691463406554
22,REM,-1,0.20923591977251427
22,REM,0,0.21007118122104337
22,SWS,-15,0.18663708280737154
22,SWS,-14,0.18772993765325627
22,SWS,-13,0.18777324246966148
22,SWS,-12,0.18839803955052048
22,SWS,-11,0.18904156874919284
22,SWS,-10,0.18904289277926298
22,SWS,-9,0.18860789699270236
22,SWS,-8,0.18864221102113177
22,SWS,-7,0.1892656883460352
22,SWS,-6,0.19044626069897636
22,SWS,-5,0.19136111386379792
22,SWS,-4,0.19233243174173614
22,SWS,-3,0.19367536260345117
22,SWS,-2,0.19523789172231312
22,SWS,-1,0.19784063826659348
22,SWS,0,0.20104256939349477
23,REM,-15,0.19904177372946458
23,REM,-14,0.19846820064953397
23,REM,-13,0.19858373782119235
23,REM,-12,0.1983195382513498
23,REM,-11,0.19840226288546214
23,REM,-10,0.1983035715377849
23,REM,-9,0.19857588989867103
23,REM,-8,0.19790975430182048
23,REM,-7,0.19900179595228226
23,REM,-6,0.19836537014035618
23,REM,-5,0.1991055597861608
23,REM,-4,0.1987891873638881
23,REM,-3,0.19845943511968636
23,REM,-2,0.19910695165702977
23,REM,-1,0.19893484748899937
23,REM,0,0.19868268215042703
23,SWS,-15,0.2033751906357079
23,SWS,-14,0.20613580152519748
23,SWS,-13,0.2055695686212256
23,SWS,-12,0.20596450718585402
23,SWS,-11,0.2058670872795409
23,SWS,-10,0.2056740700778827
23,SWS,-9,0.2051190310558736
23,SWS,-8,0.20584197693569645
23,SWS,-7,0.20852508772721237
23,SWS,-6,0.21179047840483048
23,SWS,-5,0.21359015289527267
23,SWS,-4,0.21586867421865463
23,SWS,-3,0.21822388252107108
23,SWS,-2,0.22193218515792362
23,SWS,-1,0.22676532794547968
23,SWS,0,0.23483839820787403
24,REM,-15,0.20042189385961084
24,REM,-14,0.2007226926939828
24,REM,-13,0.20102812067882433
24,REM,-12,0.20039660444385127
24,REM,-11,0.19998430054296146
24,REM,-10,0.19953861119954483
24,REM,-9,0.19940911868104227
24,REM,-8,0.19849078011299884
24,REM,-7,0.19897884319699
24,REM,-6,0.1988159418106079
24,REM,-5,0.1993012011051178
24,REM,-4,0.19910675306853495
24,REM,-3,0.19882571194545332
24,REM,-2,0.19862498773127488
24,REM,-1,0.19797061423638038
24,REM,0,0.19733018022687995
24,SWS,-15,0.19712543668590973
24,SWS,-14,0.1975972024548767
24,SWS,-13,0.1979942611180061
24,SWS,-12,0.1983064207015559
24,SWS,-11,0.19813708723455237
24,SWS,-10,0.1982605755329132
24,SWS,-9,0.19805939515300144
24,SWS,-8,0.19803025549764086
24,SWS,-7,0.19912093483853613
24,SWS,-6,0.19951818190156456
24,SWS,-5,0.20048968872027612
24,SWS,-4,0.20096172561699693
24,SWS,-3,0.2019502149849403
24,SWS,-2,0.20283335190213903
24,SWS,-1,0.20469984890396753
24,SWS,0,0.20719738280136726
25,REM,-15,0.21000664023792043
25,REM,-14,0.2110293460743768
25,REM,-13,0.21029740612249118
25,REM,-12,0.2100685752536121
25,REM,-11,0.21025021103295413
25,REM,-10,0.21056716532810874
25,REM,-9,0.21021782275703219
25,REM,-8,0.20938758631902082
25,REM,-7,0.21055743807838076
25,REM,-6,0.21005735699744785
25,REM,-5,0.21015062530835468
25,REM,-4,0.21022536487955795
25,REM,-3,0.2107229803700045
25,REM,-2,0.21019570421926753
25,REM,-1,0.21164134504007442
25,REM,0,0.21292060493108103
25,SWS,-15,0.20202556461374335
25,SWS,-14,0.2050389112570347
25,SWS,-13,0.2048466611992229
25,SWS,-12,0.20565368805546314
25,SWS,-11,0.20631676955499512
25,SWS,-10,0.20627829327549732
25,SWS,-9,0.20578861256308903
25,SWS,-8,0.20636302185286381
25,SWS,-7,0.20889119786777716
25,SWS,-6,0.2126464517836902
25,SWS,-5,0.2148346305634845
25,SWS,-4,0.21815801892768252
25,SWS,-3,0.22118594751852313
25,SWS,-2,0.2257609987028048
25,SWS,-1,0.23216026043652804
25,SWS,0,0.2422878756599015
26,REM,-15,0.21930450463996215
26,REM,-14,0.21950504907539914
26,REM,-13,0.2190555434774708
26,REM,-12,0.2192247235461285
26,REM,-11,0.21654483675956726
26,REM,-10,0.2175575452654258
26,REM,-9,0.21581219219499165
26,REM,-8,0.21602020332855837
26,REM,-7,0.21698800935631707
26,REM,-6,0.2176312784499982
26,REM,-5,0.21725715001424153
26,REM,-4,0.2181630367903333
26,REM,-3,0.21730836830943465
26,REM,-2,0.21789393735300636
26,REM,-1,0.21750672454280512
26,REM,0,0.2174739340210662
26,SWS,-15,0.18672562592497496
26,SWS,-14,0.18970416753720015
26,SWS,-13,0.18882944551873798
26,SWS,-12,0.18976637802552432
26,SWS,-11,0.1899381233514219
26,SWS,-10,0.19016706208947678
26,SWS,-9,0.18989238853486168
26,SWS,-8,0.19017789432197618
26,SWS,-7,0.19307643474861122
26,SWS,-6,0.19587479619418874
26,SWS,-5,0.1979286331887269
26,SWS,-4,0.2002088114619255
26,SWS,-3,0.20290510701697048
26,SWS,-2,0.206935445187797
26,SWS,-1,0.21267435180935956
26,SWS,0,0.22134233267645081
27,REM,-15,0.1983397927354364
27,REM,-14,0.19893100474561964
27,REM,-13,0.19846599045637492
27,REM,-12,0.19874331041386253
27,REM,-11,0.19977327131412245
27,REM,-10,0.20010394279075705
27,REM,-9,0.20006395324512763
27,REM,-8,0.199413145759276
27,REM,-7,0.2005370015662814
27,REM,-6,0.19995827425052137
27,REM,-5,0.1999861454963684
27,REM,-4,0.20002899240506322
27,REM,-3,0.2001240192407585
27,REM,-2,0.1998992924837722
27,REM,-1,0.2008340707314866
27,REM,0,0.20142817650647724
27,SWS,-15,0.19994276204955913
27,SWS,-14,0.20131062569781247
27,SWS,-13,0.20108715808096012
27,SWS,-12,0.20146276184823364
27,SWS,-11,0.20116222649812698
27,SWS,-10,0.20185539514665873
27,SWS,-9,0.20176917926365176
27,SWS,-8,0.2021568141355636
27,SWS,-7,0.20349698787790604
27,SWS,-6,0.20456745567168783
27,SWS,-5,0.20540628408021594
27,SWS,-4,0.2060665264725685
27,SWS,-3,0.20649314156877316
27,SWS,-2,0.20786034950697926
27,SWS,-1,0.20949112241794182
27,SWS,0,0.2123197989052571
28,REM,-15,0.20117292640840306
28,REM,-14,0.20228668408734457
28,REM,-13,0.20162733221376264
28,REM,-12,0.20197899639606476
28,REM,-11,0.2006732462482019
28,REM,-10,0.20137744396924973
28,REM,-9,0.20025527642832863
28,REM,-8,0.19994006705071246
28,REM,-7,0.20006831841809408
28,REM,-6,0.19996589290745118
28,REM,-5,0.199491770863533
28,REM,-4,0.1996661110928184
28,REM,-3,0.1997866799314338
28,REM,-2,0.19974957974915653
28,REM,-1,0.2002565602638892
28,REM,0,0.2007462131407331
28,SWS,-15,0.1820570353035615
28,SWS,-14,0.18358602062759236
28,SWS,-13,0.18341836284014804
28,SWS,-12,0.18363090162165463
28,SWS,-11,0.18415301573881204
28,SWS,-10,0.1838807570682445
28,SWS,-9,0.18358910340347037
28,SWS,-8,0.18368466729950753
28,SWS,-7,0.184959522009581
28,SWS,-6,0.18643490587645037
28,SWS,-5,0.18740472353216428
28,SWS,-4,0.18865319321101362
28,SWS,-3,0.19005795447080115
28,SWS,-2,0.19191722445924517
28,SWS,-1,0.19505180175119963
28,SWS,0,0.19967217847429505
29,REM,-15,0.20380858112783992
29,REM,-14,0.2044971329825265
29,REM,-13,0.20361466584978877
29,REM,-12,0.20340441010500254
29,REM,-11,0.20431485230272467
29,REM,-10,0.2054400437551996
29,REM,-9,0.20455182233342417
29,REM,-8,0.2038208001426288
29,REM,-7,0.2040758454610431
29,REM,-6,0.20274580927456126
29,REM,-5,0.20282639463742574
29,REM,-4,0.20227277573002012
29,REM,-3,0.20149990916252136
29,REM,-2,0.20119563467109325
29,REM,-1,0.20255954217697894
29,REM,0,0.20405743073891192
29,SWS,-15,0.19128272034854532
29,SWS,-14,0.19332282143270868
29,SWS,-13,0.1927884148418411
29,SWS,-12,0.1932278872700408
29,SWS,-11,0.19375052961750308
29,SWS,-10,0.1934915618367598
29,SWS,-9,0.19329309246397966
29,SWS,-8,0.19331091424082494
29,SWS,-7,0.19494112683781262
29,SWS,-6,0.19698978267251488
29,SWS,-5,0.19800197588863658
29,SWS,-4,0.19995868998495014
29,SWS,-3,0.20119581516922974
29,SWS,-2,0.20392720243880447
29,SWS,-1,0.20742339826586595
29,SWS,0,0.2135799500242151
30,REM,-15,0.23064299935803695
30,REM,-14,0.23133860528469086
30,REM,-13,0.2309849818010588
30,REM,-12,0.231578555154173
30,REM,-11,0.22883037240667778
30,REM,-10,0.2299491649736529
30,REM,-9,0.22653284448164482
30,REM,-8,0.22671481647661754
30,REM,-7,0.2269774405729203
30,REM,-6,0.2274249491884428
30,REM,-5,0.22666523694992066
30,REM,-4,0.2275836169719696
30,REM,-3,0.2263311413397272
30,REM,-2,0.22647128768802918
30,REM,-1,0.22522497669394528
30,REM,0,0.2248240029987167
30,SWS,-15,0.15442844139081296
30,SWS,-14,0.16320388146445283
30,SWS,-13,0.1619574729322402
30,SWS,-12,0.16383838932961226
30,SWS,-11,0.16509628425473752
30,SWS,-10,0.16447722009370025
30,SWS,-9,0.16429422450381398
30,SWS,-8,0.16397117866072686
30,SWS,-7,0.16947470673884468
30,SWS,-6,0.17657039948007003
30,SWS,-5,0.18037723649793597
30,SWS,-4,0.18673443922942334
30,SWS,-3,0.19248345085397
30,SWS,-2,0.20169208403414404
30,SWS,-1,0.2145371105319108
30,SWS,0,0.23464077784540227
31,REM,-15,0.20524528315838644
31,REM,-14,0.2055249571800232
31,REM,-13,0.20604793244117015
31,REM,-12,0.20555694087555534
31,REM,-11,0.20521756566383623
31,REM,-10,0.2048072552551394
31,REM,-9,0.20497988799103983
31,REM,-8,0.2047772016376257
31,REM,-7,0.20526617221415988
31,REM,-6,0.2059043827740585
31,REM,-5,0.20509759982426962
31,REM,-4,0.20512907952070236
31,REM,-3,0.20460950807634606
31,REM,-2,0.2047795241641015
31,REM,-1,0.20573105503405845
31,REM,0,0.2066102604217389
31,SWS,-15,0.1946624589857654
31,SWS,-14,0.1953825758308427
31,SWS,-13,0.19591373229814954
31,SWS,-12,0.19589797058142722
31,SWS,-11,0.19601655589497607
31,SWS,-10,0.196053319413897
31,SWS,-9,0.19596498671746412
31,SWS,-8,0.19615388599930295
31,SWS,-7,0.19749062602547393
31,SWS,-6,0.1988627489078491
31,SWS,-5,0.1998834828683986
31,SWS,-4,0.20069212967699224
31,SWS,-3,0.20176275916458145
31,SWS,-2,0.20328388798614622
31,SWS,-1,0.20574217620585913
31,SWS,0,0.20951162664185313
32,REM,-15,0.21504885922459996
32,REM,-14,0.2151012135403497
32,REM,-13,0.2146578531812977
32,REM,-12,0.2145063975139668
32,REM,-11,0.21241989528590982
32,REM,-10,0.21342170465251672
32,REM,-9,0.21076537089215386
32,REM,-8,0.2110007538327149
32,REM,-7,0.21216528519751535
32,REM,-6,0.21236629784107208
32,REM,-5,0.2117748741308848
32,REM,-4,0.21279064899212435
32,REM,-3,0.2129505255136145
32,REM,-2,0.21333179615207554
32,REM,-1,0.21235097665339708
32,REM,0,0.21166866645216942
32,SWS,-15,0.17875692596502393
32,SWS,-14,0.1828991358096783
32,SWS,-13,0.18208587674562596
32,SWS,-12,0.18297214538324624
32,SWS,-11,0.18391566442838614
32,SWS,-10,0.18439176720632633
32,SWS,-9,0.18412648881508026
32,SWS,-8,0.18398725255659432
32,SWS,-7,0.18743953674003996
32,SWS,-6,0.19072994374655147
32,SWS,-5,0.19289628464487654
32,SWS,-4,0.1959753528237343
32,SWS,-3,0.19917379846660102
32,SWS,-2,0.20407528891949586
32,SWS,-1,0.21159432234941716
32,SWS,0,0.2226069704218322
33,REM,-15,0.199459611054729
33,REM,-14,0.1993629366159439
33,REM,-13,0.1996072119957692
33,REM,-12,0.19978067906279312
33,REM,-11,0.19930692288008603
33,REM,-10,0.19899210657762445
33,REM,-9,0.20020175642437404
33,REM,-8,0.19987476670316287
33,REM,-7,0.20067118321146285
33,REM,-6,0.20003701746463776
33,REM,-5,0.20087785243988038
33,REM,-4,0.20081688698969388
33,REM,-3,0.20066623048609997
33,REM,-2,0.20012174623528706
33,REM,-1,0.20018337001757963
33,REM,0,0.19998247494154117
33,SWS,-15,0.19932203245497196
33,SWS,-14,0.2003013427950378
33,SWS,-13,0.20025317173851423
33,SWS,-12,0.20068560040090233
33,SWS,-11,0.20035546262195145
33,SWS,-10,0.2008665003617045
33,SWS,-9,0.2006285986955592
33,SWS,-8,0.20107854390220278
33,SWS,-7,0.2024005985465543
33,SWS,-6,0.20405704237241795
33,SWS,-5,0.20533835376376536
33,SWS,-4,0.20620325553146276
33,SWS,-3,0.20801212032878302
33,SWS,-2,0.2095757356097161
33,SWS,-1,0.21237465150035215
33,SWS,0,0.2164972555160033
34,REM,-15,0.19903894075575998
34,REM,-14,0.19853489058358328
34,REM,-13,0.19856443920650999
34,REM,-12,0.19866444013620677
34,REM,-11,0.199302462014285
34,REM,-10,0.19896821386140326
34,REM,-9,0.19787896010610792
34,REM,-8,0.1977271576012884
34,REM,-7,0.1980266679847051
34,REM,-6,0.19846129044890404
34,REM,-5,0.19817428529262543
34,REM,-4,0.19870559675128838
34,REM,-3,0.19851297553045205
34,REM,-2,0.19900019297894744
34,REM,-1,0.1984005913670574
34,REM,0,0.19798208411563845
34,SWS,-15,0.19782926518226338
34,SWS,-14,0.19918033111299205
34,SWS,-13,0.1989715850550281
34,SWS,-12,0.19931831385474652
34,SWS,-11,0.19971100845630618
34,SWS,-10,0.19948230893679067
34,SWS,-9,0.1994639617323086
34,SWS,-8,0.19947152703431
34,SWS,-7,0.20036552923506704
34,SWS,-6,0.20183684521499165
34,SWS,-5,0.20287222077893974
34,SWS,-4,0.20432337827303193
34,SWS,-3,0.20551896077103732
34,SWS,-2,0.20679992925323232
34,SWS,-1,0.20921022763054145
34,SWS,0,0.21287635409366912
35,REM,-15,0.21025246776202144
35,REM,-14,0.21084841064044407
35,REM,-13,0.20968140299255783
35,REM,-12,0.20989408461671127
35,REM,-11,0.20910395885055716
35,REM,-10,0.20949075371026993
35,REM,-9,0.20719718905510726
35,REM,-8,0.2077597345092467
35,REM,-7,0.20746084267184847
35,REM,-6,0.20781520841752782
35,REM,-5,0.20724676609039305
35,REM,-4,0.2083001734786912
35,REM,-3,0.20873820243111577
35,REM,-2,0.20943040101184057
35,REM,-1,0.20843295407082355
35,REM,0,0.20797723959035733
35,SWS,-15,0.18725471630274693
35,SWS,-14,0.18864612574251288
35,SWS,-13,0.18848637374472027
35,SWS,-12,0.1889800305943936
35,SWS,-11,0.1889801741294239
35,SWS,-10,0.18923587268087225
35,SWS,-9,0.18926947549084164
35,SWS,-8,0.18907896566922497
35,SWS,-7,0.19051355551714186
35,SWS,-6,0.19157276266717657
35,SWS,-5,0.19277058704872035
35,SWS,-4,0.19379512417045505
35,SWS,-3,0.19524339047389302
35,SWS,-2,0.1969848436788774
35,SWS,-1,0.19982989964990697
35,SWS,0,0.20412029478951402
36,REM,-15,0.2040085363037446
36,REM,-14,0.2048093306166785
36,REM,-13,0.20442829824782707
36,REM,-12,0.20461908923952202
36,REM,-11,0.20481440594250505
36,REM,-10,0.20533062064129373
36,REM,-9,0.2051164173969516
36,REM,-8,0.20468773879110813
36,REM,-7,0.20451374257367755
36,REM,-6,0.20507564417579593
36,REM,-5,0.20474952459335327
36,REM,-4,0.2045885746024157
36,REM,-3,0.20388798128409558
36,REM,-2,0.20362107501816504
36,REM,-1,0.20426137372851372
36,REM,0,0.20572328063495018
36,SWS,-15,0.18363020548196596
36,SWS,-14,0.1867018348386145
36,SWS,-13,0.18580905772930334
36,SWS,-12,0.18656973377801478
36,SWS,-11,0.18637515086194742
36,SWS,-10,0.18651314593956503
36,SWS,-9,0.18684013562881394
36,SWS,-8,0.18671252516804226
36,SWS,-7,0.18890061580586706
36,SWS,-6,0.19132102571706722
36,SWS,-5,0.1930915840822666
36,SWS,-4,0.1952881460840052
36,SWS,-3,0.1977704578056568
36,SWS,-2,0.20086332095760695
36,SWS,-1,0.20569229962832605
36,SWS,0,0.21329851451595705
37,REM,-15,0.2067398240461069
37,REM,-14,0.20744823472840446
37,REM,-13,0.2067605893354158
37,REM,-12,0.2063976953688421
37,REM,-11,0.20617149262265724
37,REM,-10,0.20677306114331537
37,REM,-9,0.2061006744150762
37,REM,-8,0.20554170518049172
37,REM,-7,0.2062214066584905
37,REM,-6,0.20637617062996416
37,REM,-5,0.20583296517531077
37,REM,-4,0.20651378639434514
37,REM,-3,0.20604547193969588
37,REM,-2,0.20649262233493254
37,REM,-1,0.20708382981164114
37,REM,0,0.2086857165045598
37,SWS,-15,0.1671174759062651
37,SWS,-14,0.16969809878585684
37,SWS,-13,0.16979149119420486
37,SWS,-12,0.17044129350688308
37,SWS,-11,0.17133607423823813
37,SWS,-10,0.171546243445974
37,SWS,-9,0.17151735584862185
37,SWS,-8,0.17157028549036402
37,SWS,-7,0.17380438411030277
37,SWS,-6,0.17706824727555648
37,SWS,-5,0.17920983971944496
37,SWS,-4,0.1816680069674145
37,SWS,-3,0.1842771835806893
37,SWS,-2,0.18797883973784849
37,SWS,-1,0.19416774339696397
37,SWS,0,0.20358779989718412
38,REM,-15,0.1967883776215946
38,REM,-14,0.19738855021340507
38,REM,-13,0.19758477162670446
38,REM,-12,0.196978675691705
38,REM,-11,0.19672034240581773
38,REM,-10,0.19678149469520734
38,REM,-9,0.19757591298332922
38,REM,-8,0.19620921622429574
38,REM,-7,0.1977096526395707
38,REM,-6,0.19726498994757147
38,REM,-5,0.19735004663467406
38,REM,-4,0.19684980868508942
38,REM,-3,0.19680120966520653
38,REM,-2,0.19696644132899255
38,REM,-1,0.19815061347825186
38,REM,0,0.1994808158453773
38,SWS,-15,0.2052685305058399
38,SWS,-14,0.2060754334824717
38,SWS,-13,0.20617318584406671
38,SWS,-12,0.20666169002652168
38,SWS,-11,0.20662550962921503
38,SWS,-10,0.20690728010426104
38,SWS,-9,0.2062829907564138
38,SWS,-8,0.20673123675926475
38,SWS,-7,0.20768465701190905
38,SWS,-6,0.20860212292263214
38,SWS,-5,0.20967902984488662
38,SWS,-4,0.2102512033825571
38,SWS,-3,0.21111487482136826
38,SWS,-2,0.21259185162858224
38,SWS,-1,0.2145114021007516
38,SWS,0,0.21746918470340587
39,REM,-15,0.23295622406636968
39,REM,-14,0.23354179944310868
39,REM,-13,0.23244331736822385
39,REM,-12,0.2338375221741827
39,REM,-11,0.22914550284093077
39,REM,-10,0.23027208641819333
39,REM,-9,0.22555193056662878
39,REM,-8,0.22591822647622653
39,REM,-7,0.22558817740470644
39,REM,-6,0.22515131072962985
39,REM,-5,0.22415745576222737
39,REM,-4,0.22587581645501287
39,REM,-3,0.22553063659782868
39,REM,-2,0.2254502215643519
39,REM,-1,0.2237416221094983
39,REM,0,0.22200345708166852
39,SWS,-15,0.18280334756753155
39,SWS,-14,0.1856405079110056
39,SWS,-13,0.18518298987514717
39,SWS,-12,0.18551968014799058
39,SWS,-11,0.18610404496607574
39,SWS,-10,0.18568423631745326
39,SWS,-9,0.18547934076643938
39,SWS,-8,0.18552944035666763
39,SWS,-7,0.1877637759022329
39,SWS,-6,0.19078178337232315
39,SWS,-5,0.19243775878972674
39,SWS,-4,0.19512726982886142
39,SWS,-3,0.19764160334579345
39,SWS,-2,0.20163140377738106
39,SWS,-1,0.20724249885212043
39,SWS,0,0.21579137248669805
40,REM,-15,0.19899667974780588
40,REM,-14,0.19962010170732225
40,REM,-13,0.1990213893555306
40,REM,-12,0.19924649557000712
40,REM,-11,0.1992045176977461
40,REM,-10,0.19952909713206085
40,REM,-9,0.19936031820597472
40,REM,-8,0.19895125765885627
40,REM,-7,0.19891041091510228
40,REM,-6,0.19882425863076658
40,REM,-5,0.19878883977731068
40,REM,-4,0.19868585486945353
40,REM,-3,0.19773996935551424
40,REM,-2,0.19780340191629744
40,REM,-1,0.19805100666625158
40,REM,0,0.19876443320775733
40,SWS,-15,0.18793638732945808
40,SWS,-14,0.19077983600461584
40,SWS,-13,0.19033702875464414
40,SWS,-12,0.19142187456600368
40,SWS,-11,0.19136870738820752
40,SWS,-10,0.19165729615889804
40,SWS,-9,0.19109658383770495
40,SWS,-8,0.19174780625446586
40,SWS,-7,0.19474468054785127
40,SWS,-6,0.19753726097670468
40,SWS,-5,0.199842204576108
40,SWS,-4,0.20169395892457528
40,SWS,-3,0.2047875741027235
40,SWS,-2,0.20891989520947699
40,SWS,-1,0.21437100946561655
40,SWS,0,0.22398669699501453
41,REM,-15,0.19789016991853714
41,REM,-14,0.1991193971463612
41,REM,-13,0.19844265684888168
41,REM,-12,0.19865129574349052
41,REM,-11,0.19895370677113533
41,REM,-10,0.1985213299808295
41,REM,-9,0.19858064695640845
41,REM,-8,0.19744459699307168
41,REM,-7,0.19842453584784553
41,REM,-6,0.1983175117741613
41,REM,-5,0.19768647571404774
41,REM,-4,0.19741197224510343
41,REM,-3,0.19714815286268672
41,REM,-2,0.19780825124573462
41,REM,-1,0.19862589679126227
41,REM,0,0.20001321264049587
41,SWS,-15,0.18845742704155288
41,SWS,-14,0.18945863193426377
41,SWS,-13,0.18872624278561143
41,SWS,-12,0.18907817883882672
41,SWS,-11,0.18902420695277228
41,SWS,-10,0.18961552268182727
41,SWS,-9,0.18946435613347995
41,SWS,-8,0.18954369957280007
41,SWS,-7,0.19062295085054703
41,SWS,-6,0.19160736260567118
41,SWS,-5,0.19196536351199173
41,SWS,-4,0.19241664606061848
41,SWS,-3,0.19307243987554457
41,SWS,-2,0.19455948655664082
41,SWS,-1,0.19643404409502843
41,SWS,0,0.19949125754025437
42,REM,-15,0.21218475304982243
42,REM,-14,0.21316848397254945
42,REM,-13,0.2125288739397719
42,REM,-12,0.21287357885586589
42,REM,-11,0.21038633686575023
42,REM,-10,0.21138447782267694
42,REM,-9,0.20973603951710243
42,REM,-8,0.20969377617750848
42,REM,-7,0.21041818294260237
42,REM,-6,0.21070942742859616
42,REM,-5,0.21044783492883046
42,REM,-4,0.21138148735228338
42,REM,-3,0.21146002860672503
42,REM,-2,0.2105500294068425
42,REM,-1,0.20942664332687855
42,REM,0,0.20897107439882615
42,SWS,-15,0.17331012456773598
42,SWS,-14,0.1753427905914111
42,SWS,-13,0.17509665309397643
42,SWS,-12,0.17566492967307568
42,SWS,-11,0.17611939438443253
42,SWS,-10,0.1757412262155976
42,SWS,-9,0.17551927791525987
42,SWS,-8,0.1756791802728252
42,SWS,-7,0.17721477955922313
42,SWS,-6,0.17947522650427997
42,SWS,-5,0.18095791814339102
42,SWS,-4,0.1825412162325599
42,SWS,-3,0.18416889417704527
42,SWS,-2,0.18665927076633548
42,SWS,-1,0.19078484651523198
42,SWS,0,0.19615096866594936
43,REM,-15,0.20596087022739298
43,REM,-14,0.2065249468599047
43,REM,-13,0.2062877118587494
43,REM,-12,0.2065649099255863
43,REM,-11,0.20587565986947579
43,REM,-10,0.20628856543613516
43,REM,-9,0.20616548591189915
43,REM,-8,0.20613656964685237
43,REM,-7,0.20600796975786723
43,REM,-6,0.2060807969640283
43,REM,-5,0.20532997071743012
43,REM,-4,0.20561568439006805
43,REM,-3,0.2052362340401454
43,REM,-2,0.20535933571992462
43,REM,-1,0.20545285886951856
43,REM,0,0.20689981715644107
43,SWS,-15,0.1851477854162733
43,SWS,-14,0.18683780908075154
43,SWS,-13,0.18652159308106447
43,SWS,-12,0.1870279163122177
43,SWS,-11,0.18705727473117303
43,SWS,-10,0.18690826093227092
43,SWS,-9,0.18621264240204893
43,SWS,-8,0.1863398937283048
43,SWS,-7,0.18796753532242502
43,SWS,-6,0.19050226635473935
43,SWS,-5,0.1918784938937989
43,SWS,-4,0.19398381093686276
43,SWS,-3,0.19592235358507654
43,SWS,-2,0.19911890093919257
43,SWS,-1,0.20333455259615507
43,SWS,0,0.20898481545629444
44,REM,-15,0.2074726320364896
44,REM,-14,0.20701403319835662
44,REM,-13,0.20762106574870445
44,REM,-12,0.20688621150819878
44,REM,-11,0.20733438398350368
44,REM,-10,0.20672108103399692
44,REM,-9,0.2066088906592793
44,REM,-8,0.20646083541214466
44,REM,-7,0.20663567738873617
44,REM,-6,0.20668810781310587
44,REM,-5,0.20650442461172738
44,REM,-4,0.20668842388611092
44,REM,-3,0.20652270747954588
44,REM,-2,0.20697593504620582
44,REM,-1,0.20679870141404016
44,REM,0,0.20755019718233278
44,SWS,-15,0.1886164589184467
44,SWS,-14,0.18938103509254944
44,SWS,-13,0.18906355569185304
44,SWS,-12,0.18945465399883687
44,SWS,-11,0.18919417942347733
44,SWS,-10,0.18919440841590854
44,SWS,-9,0.18881695949478655
44,SWS,-8,0.18889791380827595
44,SWS,-7,0.18979517456101275
44,SWS,-6,0.1905429505887516
44,SWS,-5,0.19138066033225748
44,SWS,-4,0.19182436791333285
44,SWS,-3,0.1927444194027079
44,SWS,-2,0.19396173723146948
44,SWS,-1,0.195409877594016
44,SWS,0,0.19800470337975443
45,REM,-15,0.20763620778041728
45,REM,-14,0.20874761981623513
45,REM,-13,0.20739027334226146
45,REM,-12,0.2076319703146031
45,REM,-11,0.20602891932834277
45,REM,-10,0.20793942297282425
45,REM,-9,0.20753977309774468
45,REM,-8,0.2084745437438999
45,REM,-7,0.20885962342459058
45,REM,-6,0.2103742019218557
45,REM,-5,0.21006345868110657
45,REM,-4,0.21104582614804568
45,REM,-3,0.21082053899046888
45,REM,-2,0.21062065046472647
45,REM,-1,0.21036635592047656
45,REM,0,0.2114044848610373
45,SWS,-15,0.15819390097232622
45,SWS,-14,0.1682864952291179
45,SWS,-13,0.1676118877554728
45,SWS,-12,0.17059648991562426
45,SWS,-11,0.17306444297234216
45,SWS,-10,0.17250867292914593
45,SWS,-9,0.17262437066297656
45,SWS,-8,0.173597963514981
45,SWS,-7,0.17957004091177864
45,SWS,-6,0.18767243496236954
45,SWS,-5,0.19221080739551516
45,SWS,-4,0.2002964773638682
45,SWS,-3,0.2079253724011464
45,SWS,-2,0.2190329009325991
45,SWS,-1,0.23429229949470237
45,SWS,0,0.25957955488862444
46,REM,-15,0.20011218374266343
46,REM,-14,0.2003163137606212
46,REM,-13,0.19964283543664055
46,REM,-12,0.20002776894130206
46,REM,-11,0.19959591024301268
46,REM,-10,0.20019444013419357
46,REM,-9,0.19945230776513065
46,REM,-8,0.19899978994258813
46,REM,-7,0.19969862037234837
46,REM,-6,0.19915219527833602
46,REM,-5,0.19945502320925396
46,REM,-4,0.1993391725577806
46,REM,-3,0.19982161274157376
46,REM,-2,0.19972738393188752
46,REM,-1,0.19986933216984784
46,REM,0,0.19971071282292113
46,SWS,-15,0.1982752041560467
46,SWS,-14,0.19912549331147447
46,SWS,-13,0.19955526489364214
46,SWS,-12,0.19960694492328912
46,SWS,-11,0.19995275658109915
46,SWS,-10,0.19962681179315273
46,SWS,-9,0.1994012537973606
46,SWS,-8,0.199579954052427
46,SWS,-7,0.20035365412290068
46,SWS,-6,0.20185763066146464
46,SWS,-5,0.20269004844907504
46,SWS,-4,0.2038590400733731
46,SWS,-3,0.20488363516524555
46,SWS,-2,0.20642870302561303
46,SWS,-1,0.20863219450913734
46,SWS,0,0.211936658382171
47,REM,-15,0.21071619715760737
47,REM,-14,0.21126817677702223
47,REM,-13,0.21109500205194628
47,REM,-12,0.21094544624027453
47,REM,-11,0.21031045812097462
47,REM,-10,0.2102561891078949
47,REM,-9,0.20958303301422684
47,REM,-8,0.20902408712676593
47,REM,-7,0.20971747050209652
47,REM,-6,0.20872540530913017
47,REM,-5,0.2084555157025655
47,REM,-4,0.20916925174625298
47,REM,-3,0.20935299202620264
47,REM,-2,0.20911190451420458
47,REM,-1,0.2093844094446727
47,REM,0,0.20894963842104464
47,SWS,-15,0.19206793299902267
47,SWS,-14,0.1928915245156003
47,SWS,-13,0.1929577213427252
47,SWS,-12,0.19319859647657722
47,SWS,-11,0.1933366639026697
47,SWS,-10,0.19338569454324078
47,SWS,-9,0.19321478972371842
47,SWS,-8,0.19375586879860823
47,SWS,-7,0.19509071111679077
47,SWS,-6,0.19629809085060568
47,SWS,-5,0.19708858704685572
47,SWS,-4,0.19798714762384242
47,SWS,-3,0.19896201516796902
47,SWS,-2,0.20087043568491936
47,SWS,-1,0.20324301864834432
47,SWS,0,0.2072835979520418
48,REM,-15,0.22233138408731012
48,REM,-14,0.22214785601411546
48,REM,-13,0.22175998140025782
48,REM,-12,0.2218277144588922
48,REM,-11,0.21897379546002907
48,REM,-10,0.21945071026034976
48,REM,-9,0.2167223002071734
48,REM,-8,0.2166006083467177
48,REM,-7,0.21701419211569287
48,REM,-6,0.21695065257303855
48,REM,-5,0.21609824975331623
48,REM,-4,0.21738650630179204
48,REM,-3,0.2168619327516441
48,REM,-2,0.2174648734712109
48,REM,-1,0.21592943676348245
48,REM,0,0.2152926906505052
48,SWS,-15,0.17254923980369746
48,SWS,-14,0.17522973509935233
48,SWS,-13,0.1747090976592923
48,SWS,-12,0.17579507210757583
48,SWS,-11,0.176205698562705
48,SWS,-10,0.17617862608651041
48,SWS,-9,0.17583933758814604
48,SWS,-8,0.17560724088340807
48,SWS,-7,0.17791947165782424
48,SWS,-6,0.18012195347464657
48,SWS,-5,0.18178585913050826
48,SWS,-4,0.18428789621049707
48,SWS,-3,0.18656599921424213
48,SWS,-2,0.1898228945866437
48,SWS,-1,0.19484408135742035
48,SWS,0,0.202574017723483
49,REM,-15,0.21308289117672863
49,REM,-14,0.21344463654926846
49,REM,-13,0.21262186846217593
49,REM,-12,0.21257268010001434
49,REM,-11,0.21176581355658444
49,REM,-10,0.21248483139535654
49,REM,-9,0.21025177422497007
49,REM,-8,0.20899820221321924
49,REM,-7,0.21061719480961089
49,REM,-6,0.21037143578424172
49,REM,-5,0.21060272177060446
49,REM,-4,0.2111427587898154
49,REM,-3,0.21175204325153166
49,REM,-2,0.2120917852699142
49,REM,-1,0.21175773282136237
49,REM,0,0.21119326079154715
49,SWS,-15,0.17693060984678358
49,SWS,-14,0.18485516882859743
49,SWS,-13,0.18462631956112285
49,SWS,-12,0.18615390558261424
49,SWS,-11,0.18777584295341934
49,SWS,-10,0.18811851855314954
49,SWS,-9,0.18870819266268749
49,SWS,-8,0.18931889695346735
49,SWS,-7,0.1948601027158485
49,SWS,-6,0.2027932172790568
49,SWS,-5,0.2070530819803921
49,SWS,-4,0.21407863409681754
49,SWS,-3,0.22087406400379125
49,SWS,-2,0.2297134698486664
49,SWS,-1,0.24259649161622995
49,SWS,0,0.2624834744102901
